algo,n_runs,train_seconds_mean,test_total_reward_mean,test_cumulative_return_mean,test_max_drawdown_mean,test_cvar_mean,source_file
sg_sarsa,5,96.48613975860644,-0.1156886514251855,0.0341452484992936,-0.0361967427898957,0.0009199293964235,runs/tuned_best_xlf_sg_ctrl_lrn_e200_eval/20260227_163801/suite_summary_agg.csv
sg_sarsa,5,48.49627936682664,0.0933259179803485,0.2794906371703479,-0.0766473633491807,0.0066588509475991,runs/tuned_best_xlf_sg_ctrl_final_eval/20260228_150644/suite_summary_agg.csv
nstep_sarsa,5,33.104921000008474,0.5209719687123193,0.7303149864709415,-0.1906883492750626,0.0205392918617303,runs/tuned_best_xlf_v2_eval_ns/20260226_235914/suite_summary_agg.csv
q_learning,5,32.47425738319289,0.589762155988893,0.9257110535199232,-0.2485648387485262,0.0254870348452299,runs/tuned_best_xlf_sync_r1_eval_q/20260227_022313/suite_summary_agg.csv
sg_sarsa,5,55.02575254999101,0.1679627664182976,0.3461000211745427,-0.0984068544031686,0.0094615630990849,runs/tuned_best_xlf_sg_ctrl_lrn_eval/20260227_151439/suite_summary_agg.csv
sg_sarsa,5,29.09851446679095,0.1685537649604375,0.3960866160868913,-0.1630603089777124,0.0147093161965972,runs/tuned_best_xlf_sync_r1_eval_sg/20260227_022313/suite_summary_agg.csv
